<?xml version="1.0" encoding="UTF-8"?>
<GenRun Id="impl_1" LaunchPart="xc7a35tcpg236-1" LaunchTime="1519455516">
  <File Type="PWROPT-DCP" Name="RAT_wrapper_pwropt.dcp"/>
  <File Type="ROUTE-PWR" Name="RAT_wrapper_power_routed.rpt"/>
  <File Type="PA-TCL" Name="RAT_wrapper.tcl"/>
  <File Type="ROUTE-PWR-SUM" Name="RAT_wrapper_power_summary_routed.pb"/>
  <File Type="REPORTS-TCL" Name="RAT_wrapper_reports.tcl"/>
  <File Type="BG-DRC" Name="RAT_wrapper.drc"/>
  <File Type="OPT-METHODOLOGY-DRC" Name="RAT_wrapper_methodology_drc_opted.rpt"/>
  <File Type="INIT-TIMING" Name="RAT_wrapper_timing_summary_init.rpt"/>
  <File Type="OPT-HWDEF" Name="RAT_wrapper.hwdef"/>
  <File Type="OPT-DCP" Name="RAT_wrapper_opt.dcp"/>
  <File Type="OPT-DRC" Name="RAT_wrapper_drc_opted.rpt"/>
  <File Type="OPT-TIMING" Name="RAT_wrapper_timing_summary_opted.rpt"/>
  <File Type="PWROPT-DRC" Name="RAT_wrapper_drc_pwropted.rpt"/>
  <File Type="PWROPT-TIMING" Name="RAT_wrapper_timing_summary_pwropted.rpt"/>
  <File Type="PLACE-DCP" Name="RAT_wrapper_placed.dcp"/>
  <File Type="PLACE-IO" Name="RAT_wrapper_io_placed.rpt"/>
  <File Type="PLACE-CLK" Name="RAT_wrapper_clock_utilization_placed.rpt"/>
  <File Type="PLACE-UTIL" Name="RAT_wrapper_utilization_placed.rpt"/>
  <File Type="PLACE-UTIL-PB" Name="RAT_wrapper_utilization_placed.pb"/>
  <File Type="PLACE-CTRL" Name="RAT_wrapper_control_sets_placed.rpt"/>
  <File Type="PLACE-SIMILARITY" Name="RAT_wrapper_incremental_reuse_placed.rpt"/>
  <File Type="PLACE-PRE-SIMILARITY" Name="RAT_wrapper_incremental_reuse_pre_placed.rpt"/>
  <File Type="PLACE-TIMING" Name="RAT_wrapper_timing_summary_placed.rpt"/>
  <File Type="POSTPLACE-PWROPT-DCP" Name="RAT_wrapper_postplace_pwropt.dcp"/>
  <File Type="POSTPLACE-PWROPT-TIMING" Name="RAT_wrapper_timing_summary_postplace_pwropted.rpt"/>
  <File Type="PHYSOPT-DCP" Name="RAT_wrapper_physopt.dcp"/>
  <File Type="PHYSOPT-DRC" Name="RAT_wrapper_drc_physopted.rpt"/>
  <File Type="BG-BIT" Name="RAT_wrapper.bit"/>
  <File Type="PHYSOPT-TIMING" Name="RAT_wrapper_timing_summary_physopted.rpt"/>
  <File Type="ROUTE-ERROR-DCP" Name="RAT_wrapper_routed_error.dcp"/>
  <File Type="ROUTE-DCP" Name="RAT_wrapper_routed.dcp"/>
  <File Type="ROUTE-BLACKBOX-DCP" Name="RAT_wrapper_routed_bb.dcp"/>
  <File Type="ROUTE-DRC" Name="RAT_wrapper_drc_routed.rpt"/>
  <File Type="ROUTE-DRC-PB" Name="RAT_wrapper_drc_routed.pb"/>
  <File Type="BITSTR-MSK" Name="RAT_wrapper.msk"/>
  <File Type="ROUTE-DRC-RPX" Name="RAT_wrapper_drc_routed.rpx"/>
  <File Type="BG-BGN" Name="RAT_wrapper.bgn"/>
  <File Type="ROUTE-METHODOLOGY-DRC" Name="RAT_wrapper_methodology_drc_routed.rpt"/>
  <File Type="BITSTR-RBT" Name="RAT_wrapper.rbt"/>
  <File Type="ROUTE-METHODOLOGY-DRC-RPX" Name="RAT_wrapper_methodology_drc_routed.rpx"/>
  <File Type="BG-BIN" Name="RAT_wrapper.bin"/>
  <File Type="ROUTE-METHODOLOGY-DRC-PB" Name="RAT_wrapper_methodology_drc_routed.pb"/>
  <File Type="ROUTE-PWR-RPX" Name="RAT_wrapper_power_routed.rpx"/>
  <File Type="ROUTE-STATUS" Name="RAT_wrapper_route_status.rpt"/>
  <File Type="ROUTE-STATUS-PB" Name="RAT_wrapper_route_status.pb"/>
  <File Type="ROUTE-TIMINGSUMMARY" Name="RAT_wrapper_timing_summary_routed.rpt"/>
  <File Type="ROUTE-TIMING-PB" Name="RAT_wrapper_timing_summary_routed.pb"/>
  <File Type="ROUTE-TIMING-RPX" Name="RAT_wrapper_timing_summary_routed.rpx"/>
  <File Type="ROUTE-SIMILARITY" Name="RAT_wrapper_incremental_reuse_routed.rpt"/>
  <File Type="RDI-RDI" Name="RAT_wrapper.vdi"/>
  <File Type="ROUTE-CLK" Name="RAT_wrapper_clock_utilization_routed.rpt"/>
  <File Type="POSTROUTE-PHYSOPT-DCP" Name="RAT_wrapper_postroute_physopt.dcp"/>
  <File Type="POSTROUTE-PHYSOPT-BLACKBOX-DCP" Name="RAT_wrapper_postroute_physopt_bb.dcp"/>
  <File Type="POSTROUTE-PHYSOPT-TIMING" Name="RAT_wrapper_timing_summary_postroute_physopted.rpt"/>
  <File Type="POSTROUTE-PHYSOPT-TIMING-PB" Name="RAT_wrapper_timing_summary_postroute_physopted.pb"/>
  <File Type="POSTROUTE-PHYSOPT-TIMING-RPX" Name="RAT_wrapper_timing_summary_postroute_physopted.rpx"/>
  <File Type="BITSTR-NKY" Name="RAT_wrapper.nky"/>
  <File Type="BITSTR-BMM" Name="RAT_wrapper_bd.bmm"/>
  <File Type="BITSTR-MMI" Name="RAT_wrapper.mmi"/>
  <File Type="BITSTR-LTX" Name="debug_nets.ltx"/>
  <File Type="BITSTR-LTX" Name="RAT_wrapper.ltx"/>
  <File Type="BITSTR-SYSDEF" Name="RAT_wrapper.sysdef"/>
  <File Type="WBT-USG" Name="usage_statistics_webtalk.html"/>
  <FileSet Name="sources" Type="DesignSrcs" RelSrcDir="$PSRCDIR/sources_1">
    <Filter Type="Srcs"/>
    <File Path="$PSRCDIR/sources_1/imports/new/ALU.vhd">
      <FileInfo>
        <Attr Name="ImportPath" Val="$PPRDIR/../ALU/ALU.srcs/sources_1/new/ALU.vhd"/>
        <Attr Name="ImportTime" Val="1517551809"/>
        <Attr Name="UsedIn" Val="synthesis"/>
        <Attr Name="UsedIn" Val="simulation"/>
      </FileInfo>
    </File>
    <File Path="$PSRCDIR/sources_1/imports/new/Control_Unit.vhd">
      <FileInfo>
        <Attr Name="ImportPath" Val="$PSRCDIR/sources_1/new/Control_Unit.vhd"/>
        <Attr Name="ImportTime" Val="1518912823"/>
        <Attr Name="UsedIn" Val="synthesis"/>
        <Attr Name="UsedIn" Val="simulation"/>
      </FileInfo>
    </File>
    <File Path="$PSRCDIR/sources_1/new/FlagFF.vhd">
      <FileInfo>
        <Attr Name="UsedIn" Val="synthesis"/>
        <Attr Name="UsedIn" Val="simulation"/>
      </FileInfo>
    </File>
    <File Path="$PSRCDIR/sources_1/new/Flag_Register.vhd">
      <FileInfo>
        <Attr Name="UsedIn" Val="synthesis"/>
        <Attr Name="UsedIn" Val="simulation"/>
      </FileInfo>
    </File>
    <File Path="$PSRCDIR/sources_1/new/I.vhd">
      <FileInfo>
        <Attr Name="UsedIn" Val="synthesis"/>
        <Attr Name="UsedIn" Val="simulation"/>
      </FileInfo>
    </File>
    <File Path="$PSRCDIR/sources_1/new/MUXTwoOne-1Bit.vhd">
      <FileInfo>
        <Attr Name="UsedIn" Val="synthesis"/>
        <Attr Name="UsedIn" Val="simulation"/>
      </FileInfo>
    </File>
    <File Path="$PSRCDIR/sources_1/new/MuxFourOne.vhd">
      <FileInfo>
        <Attr Name="UsedIn" Val="synthesis"/>
        <Attr Name="UsedIn" Val="simulation"/>
      </FileInfo>
    </File>
    <File Path="$PSRCDIR/sources_1/new/MuxTwoOne.vhd">
      <FileInfo>
        <Attr Name="UsedIn" Val="synthesis"/>
        <Attr Name="UsedIn" Val="simulation"/>
      </FileInfo>
    </File>
    <File Path="$PSRCDIR/sources_1/new/MuxTwoOne_10bit.vhd">
      <FileInfo>
        <Attr Name="UsedIn" Val="synthesis"/>
        <Attr Name="UsedIn" Val="simulation"/>
      </FileInfo>
    </File>
    <File Path="$PSRCDIR/sources_1/imports/new/PC.vhd">
      <FileInfo>
        <Attr Name="ImportPath" Val="$PPRDIR/../Program Counter/Program Counter.srcs/sources_1/new/PC.vhd"/>
        <Attr Name="ImportTime" Val="1518053828"/>
        <Attr Name="UsedIn" Val="synthesis"/>
        <Attr Name="UsedIn" Val="simulation"/>
      </FileInfo>
    </File>
    <File Path="$PSRCDIR/sources_1/new/RAT_MCU.vhd">
      <FileInfo>
        <Attr Name="UsedIn" Val="synthesis"/>
        <Attr Name="UsedIn" Val="simulation"/>
      </FileInfo>
    </File>
    <File Path="$PSRCDIR/sources_1/new/RegisterFile.vhd">
      <FileInfo>
        <Attr Name="UsedIn" Val="synthesis"/>
        <Attr Name="UsedIn" Val="simulation"/>
      </FileInfo>
    </File>
    <File Path="$PSRCDIR/sources_1/new/SCR.vhd">
      <FileInfo>
        <Attr Name="UsedIn" Val="synthesis"/>
        <Attr Name="UsedIn" Val="simulation"/>
      </FileInfo>
    </File>
    <File Path="$PSRCDIR/sources_1/new/SP.vhd">
      <FileInfo>
        <Attr Name="UsedIn" Val="synthesis"/>
        <Attr Name="UsedIn" Val="simulation"/>
      </FileInfo>
    </File>
    <File Path="$PSRCDIR/sources_1/imports/Debounce_OneShot_FSM/counter_for_one_shot.vhd">
      <FileInfo>
        <Attr Name="ImportPath" Val="$PPRDIR/../Debounce_OneShot_FSM/counter_for_one_shot.vhd"/>
        <Attr Name="ImportTime" Val="1519256137"/>
        <Attr Name="UsedIn" Val="synthesis"/>
        <Attr Name="UsedIn" Val="simulation"/>
      </FileInfo>
    </File>
    <File Path="$PSRCDIR/sources_1/imports/Debounce_OneShot_FSM/debounce_one_shot_FSM.vhd">
      <FileInfo>
        <Attr Name="ImportPath" Val="$PPRDIR/../Debounce_OneShot_FSM/debounce_one_shot_FSM.vhd"/>
        <Attr Name="ImportTime" Val="1519256137"/>
        <Attr Name="UsedIn" Val="synthesis"/>
        <Attr Name="UsedIn" Val="simulation"/>
      </FileInfo>
    </File>
    <File Path="$PPRDIR/../RatSim v0.61/RatSimulator/prog_rom.vhd">
      <FileInfo>
        <Attr Name="UsedIn" Val="synthesis"/>
        <Attr Name="UsedIn" Val="simulation"/>
      </FileInfo>
    </File>
    <File Path="$PSRCDIR/sources_1/imports/assignment 1 support files/univ_sseg_dec.vhd">
      <FileInfo>
        <Attr Name="ImportPath" Val="$PPRDIR/../assignment 1 support files/univ_sseg_dec.vhd"/>
        <Attr Name="ImportTime" Val="1515634035"/>
        <Attr Name="UsedIn" Val="synthesis"/>
        <Attr Name="UsedIn" Val="simulation"/>
      </FileInfo>
    </File>
    <File Path="$PSRCDIR/sources_1/new/RAT_wrapper.vhd">
      <FileInfo>
        <Attr Name="UsedIn" Val="synthesis"/>
        <Attr Name="UsedIn" Val="simulation"/>
      </FileInfo>
    </File>
    <File Path="$PSRCDIR/sources_1/imports/RAT_MCU/ALU.vhd">
      <FileInfo>
        <Attr Name="UserDisabled" Val="1"/>
        <Attr Name="ImportPath" Val="$PPRDIR/ALU.vhd"/>
        <Attr Name="ImportTime" Val="1519431435"/>
        <Attr Name="UsedIn" Val="synthesis"/>
        <Attr Name="UsedIn" Val="simulation"/>
      </FileInfo>
    </File>
    <File Path="$PSRCDIR/sources_1/new/clk_div_fs.vhd">
      <FileInfo>
        <Attr Name="AutoDisabled" Val="1"/>
        <Attr Name="UsedIn" Val="synthesis"/>
        <Attr Name="UsedIn" Val="simulation"/>
      </FileInfo>
    </File>
    <File Path="$PSRCDIR/sources_1/imports/new/FourOneMUX.vhd">
      <FileInfo>
        <Attr Name="AutoDisabled" Val="1"/>
        <Attr Name="ImportPath" Val="$PPRDIR/../Program Counter/Program Counter.srcs/sources_1/new/FourOneMUX.vhd"/>
        <Attr Name="ImportTime" Val="1518053954"/>
        <Attr Name="UsedIn" Val="synthesis"/>
        <Attr Name="UsedIn" Val="simulation"/>
      </FileInfo>
    </File>
    <File Path="$PSRCDIR/sources_1/imports/new/ProgramCounter.vhd">
      <FileInfo>
        <Attr Name="AutoDisabled" Val="1"/>
        <Attr Name="ImportPath" Val="$PPRDIR/../Program Counter/Program Counter.srcs/sources_1/new/ProgramCounter.vhd"/>
        <Attr Name="ImportTime" Val="1518053391"/>
        <Attr Name="UsedIn" Val="synthesis"/>
        <Attr Name="UsedIn" Val="simulation"/>
      </FileInfo>
    </File>
    <Config>
      <Option Name="DesignMode" Val="RTL"/>
      <Option Name="TopModule" Val="RAT_wrapper"/>
    </Config>
  </FileSet>
  <FileSet Name="constrs_in" Type="Constrs" RelSrcDir="$PSRCDIR/constrs_1">
    <Filter Type="Constrs"/>
    <File Path="$PSRCDIR/constrs_1/new/Basys3_RAT_constraints.xdc">
      <FileInfo>
        <Attr Name="UsedIn" Val="synthesis"/>
        <Attr Name="UsedIn" Val="implementation"/>
      </FileInfo>
    </File>
    <Config>
      <Option Name="ConstrsType" Val="XDC"/>
    </Config>
  </FileSet>
  <Strategy Version="1" Minor="2">
    <StratHandle Name="Vivado Implementation Defaults" Flow="Vivado Implementation 2017"/>
    <Step Id="init_design"/>
    <Step Id="opt_design"/>
    <Step Id="power_opt_design"/>
    <Step Id="place_design"/>
    <Step Id="post_place_power_opt_design"/>
    <Step Id="phys_opt_design"/>
    <Step Id="route_design"/>
    <Step Id="post_route_phys_opt_design"/>
    <Step Id="write_bitstream"/>
  </Strategy>
</GenRun>
